Header,Group
 Simplemost installation,installation
 Running the software,run
 Running automatically generated scripts,run
 In case of trouble,issues
 Prerequisites,requirement
 Installation,installation
 Reference,citation
 Contact,contact
 Reference,citation
 download single scene by known product id,download
 download all results from the search,download
" Get basic information about the product: its title, file size, MD5 sum, date, footprint and",description
 its download url,download
 Get the product's full metadata available on the server,description
 Introduction,description
 Prepare training data ,installation
 Begin to train,description
 Quick start,description
 Citation,citation
 a record schema.  We can get initial values from the open,description
 coordinate reference system as the source. The ``meta``,citation
 Get a point on the boundary of the record's,description
 executes ``dst.flush(); dst.close()``.,run
 Requirements,requirement
 Installation,installation
 Linux Setup with virtualenv,installation
 Install TensorFlow,installation
 Windows Setup with python 3 and Anaconda,installation
 if you need to get chumpy ,description
 Demo,usage
 Webcam Demo (thanks @JulesDoe!),usage
 Citation,citation
 Installation,installation
 Installing APSG from the source distribution,installation
 Installing apsg,installation
 Getting started,description
 Getting started,description
 Documentation,documentation
 License,license
 Examples,usage
 Basic usage,usage
 Other examples,usage
 Installation,installation
 Dependencies,requirement
 Getting started,description
 Getting started,description
 2. Install PyLops in a new Conda environment,installation
 Documentation,documentation
 Contributors,contributor
 Getting Started,description
 Getting Started,description
 Installation,installation
 Automated Install (w/ Anaconda),installation
 Manual Install (w/o Anaconda),installation
 Manual Install (w/o Anaconda),installation
 GPU Installation,installation
 Full documentation,documentation
 Citation,citation
 License,license
 PyTorch Implementation,usage
 Prerequisites,requirement
 Installation,installation
 Run demo,run
 Run demo,usage
 Citation ,citation
 Usage,usage
 Installing,installation
 Getting Started ,description
 Getting Started ,description
 Running a Python agent: ,run
 Running a C++ agent: ,run
 Running a C agent: ,run
 Running a Java agent: ,run
 Running an Atari agent: (Linux only) ,run
 Citations ,citation
 Acknowledgment,citation
 Usage,usage
 Example,usage
 Other Implementation,usage
 Introduction,description
 Citation,citation
 Requirements and Dependencies,requirement
 Requirements and Dependencies,requirement
 1x Complexity Configurations Reference Table,citation
 Single-crop (224x224) validation error rate,issues
 Installation,installation
 Important Usage Notes,usage
 Manual Installation,installation
 Manual Installation,installation
 Quick Start in chrome,description
 Common problems and how to fix,issues
 Common problems and how to fix,installation
 License,license
 Show countries at low zoom levels but states at higher zoom levels,usage
 Selectively remove and replace features (Census tracts) to update a tileset,update
 Tileset description and attribution,description
 Dropping a fixed fraction of features by zoom level,installation
 Setting or disabling tile size limits,installation
 Tileset description and attribution,description
 Setting or disabling tile size limits,installation
 Example,usage
 Documentation,documentation
 Quick start,description
 License,license
 Demo using pre-trained model,usage
 Acknowledgments,citation
 Quick start,description
 Documentation,documentation
 Running documentation locally,run
 Running documentation locally,documentation
 Documentation for previous releases,documentation
 Copyright and license,license
 Installation,installation
 Documentation,documentation
 Demo using pre-trained model,usage
 Acknowledgments,citation
 Installation,installation
 Documentation,documentation
 Examples,usage
 Good First Issues,issues
 License,license
 Getting Started,description
 Getting Started,description
 Prerequisites,requirement
 Installing,installation
 License,license
 Citation,citation
 Getting Started,description
 Getting Started,description
 Dependencies,requirement
 Installation,installation
 Manual,installation
 Windows installation guide (Jun 2019),installation
 Windows installation guide (Jun 2019),installation
 Documentation,documentation
 References,citation
 Prerequisites,requirement
 Setup and Running,installation
 Setup and Running,run
 References,citation
 Fast End-to-End Trainable Guided Filter,installation
 Overview,description
 Prepare Environment,installation
 Ready to **GO** !,installation
 Guided Filtering Layer,installation
 Install Released Version,installation
 Usage,usage
 Prepare Training Environment,installation
 Start to Train,description
 Citation,citation
 Getting Started,description
 Getting Started,description
 Let's Install,installation
 Updating,update
 License,license
 Installation,installation
 Running examples,run
 Running examples,usage
 Example 1: Drawing an object from multiple viewpoints,usage
 Example 2: Optimizing vertices,usage
 Example 3: Optimizing textures,usage
 Example 4: Finding camera parameters,usage
 Citation,citation
 Installation,installation
 License,license
 Installation,installation
 Use Example,usage
 Use Example,usage
 Introduction,description
 Large file support,support
 run the command line program,run
 use the web UI locally,usage
 License,license
 Introduction ,description
 Feature summary ,description
 Getting started ,description
 Getting started ,description
 Quick start ,description
 Get segyio ,description
 Tutorial ,usage
 Basics ,description
 Mode examples ,usage
 Examples ,usage
 Common issues ,issues
 Prerequisites,requirement
 Getting Started,description
 Getting Started,description
 Installation,installation
 Citation,citation
 Acknowledgments,citation
 Getting Started,description
 Getting Started,description
 Report Issues and Contribute,support
 Report Issues and Contribute,issues
 Overview,description
 Prerequisites,requirement
 Citation,citation
 Documentation,documentation
 Installation,installation
 Tutorials,usage
 Citation,citation
 License,license
 Introduction,description
 Usage,usage
 Citation,citation
 get cell centroids,description
 Demo,usage
 Usage,usage
 Install,installation
 Introduction,description
 Prerequisites,requirement
 Detailed steps to install the prerequisites,installation
 Detailed steps to install the prerequisites,requirement
 Demo and Test on OTB2015,usage
 License,license
 Citing DaSiamRPN,citation
 Installation from binaries,installation
 Installation from source,installation
 License (Modified BSD),license
 Citation,citation
 Installation,installation
 System Prerequisites,requirement
" Make a virtualenv, install jupyter[notebook], install geonotebook",installation
" Make a virtualenv, install jupyter[notebook], install geonotebook",installation
 Installing geonotebook for development,installation
 Run the notebook:,run
 Run the tests,run
 Use geoserver for tile serving,usage
 Getting Started,description
 Getting Started,description
 Usage,usage
 Getting To Know Yeoman,description
 License,license
 Installation,installation
 Usage,usage
 Example input,usage
 Example output,usage
 Dependencies,requirement
 First run,run
 Introduction,description
 Citation,citation
 Requirements and Dependencies,requirement
 Requirements and Dependencies,requirement
 Installation,installation
 Start MATLAB,description
 Third-Party Implementation,usage
 Prerequisite,requirement
" Train, Test and Show",usage
 Cite,citation
 Setup,installation
 Running Models,run
 Setup,installation
 help,support
 Introduction,description
 License,license
 Citing Flow-Guided Feature Aggregation,citation
 Installation,installation
 Demo,usage
 Preparation for Training & Testing,installation
 Usage,usage
 Installation,installation
 Installing both PyRobot and LoCoBot dependencies,installation
 Installing both PyRobot and LoCoBot dependencies,requirement
 Installing just PyRobot,installation
 Getting Started,description
 Getting Started,description
 Citation,citation
 License,license
 Introduction,description
 Update,update
 License,license
 Citing Detectron,citation
 Installation,installation
 Getting Help,description
 Getting Help,support
 References,citation
 Requirements,requirement
 Requirements,requirement
 License,license
 requirements,requirement
 installation,installation
 installing from source:,installation
 usage,usage
 example 1A,usage
 example 1B,usage
 example 1C: gain can be tricky depending on your colormap,usage
 example 2A: no background removal,usage
 example 2B: horizontal mean BGR algorithm applied,usage
 contributors,contributor
 citation suggestion:,citation
 Introduction,description
 License,license
 Citing Papers,citation
 Installation,installation
 Preparation for Training & Testing,installation
 Usage,usage
 Installing,installation
 Installing a stable Pyro release,installation
 Installing Pyro dev branch,installation
 Running Pyro from a Docker Container,run
 Citation,citation
 Update (2018/2/21),update
 Update (2018/01/16),update
 Update (2017/11/27),update
 Summary,description
 Citation,citation
 Requirements,requirement
 Preparation,installation
 Running the code,run
 Of course you don't need this one if you didn't install it yet.,installation
 Usage,usage
 Installation,installation
 How to Run,run
 Citation,citation
 Issues,issues
 License,license
 Prerequisites,requirement
 Data Preparation,installation
 Run,run
 Citation,citation
 Requirements,requirement
 Setup,installation
 Example usage,usage
 Example usage,usage
 Example usage,usage
 Example usage,usage
 Citation,citation
 License,license
 Usage,usage
 Installation,installation
 Installation from sources,installation
 Documentation,documentation
 License,license
" the new file's profile, we start with the meta attributes of",description
" the source file, but then change the band count to 1, set the",installation
 Getting Started,description
 Getting Started,description
 Installation,installation
 Usage,usage
 Protocol traffic can be rather noisy. This example filters out all Network domain messages,usage
 Q: I am having trouble installing / running Puppeteer in my test environment. Where should I look for help?,issues
 Q: I am having trouble installing / running Puppeteer in my test environment. Where should I look for help?,installation
 Q: I am having trouble installing / running Puppeteer in my test environment. Where should I look for help?,run
 Installation,installation
 License,license
 Introduction,description
 Documentation,documentation
 Issues,issues
 License,license
 Installation,installation
 Documentation,documentation
 License,license
 Get the 1st bending mode shape.  Results are ordered based on the sorted ,description
" to avoid getting the ""Factor is exactly singular"" error",description
" to avoid getting the ""Factor is exactly singular"" error",issues
 Install or Update,installation
 Install or Update,update
 Usage,usage
 Example of a json file,usage
 Example of a js module,usage
 Getting Started,description
 Getting Started,description
 Installation,installation
 Example,usage
 Documentation,documentation
 Report Bugs,support
 Support,support
 License,license
 Introduction,description
 Requirements,requirement
 Quick Start,description
 Contributors,contributor
 Citation,citation
 License,license
